Wavelength_nm,Absorbance
200.0,0.24509711123774475
200.5,0.2570657033804009
201.0,0.2760165864299675
201.5,0.29516438784038357
202.0,0.30076772186321915
202.5,0.31464111073476553
203.0,0.33693087358061635
203.5,0.34531223398882205
204.0,0.35065677059863415
204.5,0.36621270772601455
205.0,0.37053152184199495
205.5,0.37861830939904684
206.0,0.38891382118776835
206.5,0.38347647550267516
207.0,0.38827759253471295
207.5,0.39642579898733077
208.0,0.3949567519198445
208.5,0.400815380259281
209.0,0.3923760359017068
209.5,0.3860027245792677
210.0,0.3950615051965045
210.5,0.37985588462209685
211.0,0.3732334765872193
211.5,0.3564338744555286
212.0,0.35035170737206134
212.5,0.3421124546665351
213.0,0.32337772802339826
213.5,0.31780537842876017
214.0,0.2990700288884988
214.5,0.28624794992309255
215.0,0.2699524577215943
215.5,0.2672306135854255
216.0,0.242791804536103
216.5,0.22246501007640646
217.0,0.21687984251689568
217.5,0.1919022480072174
218.0,0.1846128703282761
218.5,0.15974163071820385
219.0,0.14935557737778196
219.5,0.1439870728944274
220.0,0.13430457220421174
220.5,0.11972427147472278
221.0,0.10722199807911453
221.5,0.09592698532188826
222.0,0.08038406608566505
222.5,0.0752373990615649
223.0,0.06830529556869645
223.5,0.0683672736760933
224.0,0.057957800809721835
224.5,0.04124616291386647
225.0,0.04614190028352629
225.5,0.03766654704857941
226.0,0.031858003262256476
226.5,0.03450036849785182
227.0,0.033313083963634985
227.5,0.03001544160853155
228.0,0.01881759318490668
228.5,0.01954596657074275
229.0,0.021222027479646473
229.5,0.023286013260829626
230.0,0.015199641476734272
230.5,0.01617722090903853
231.0,0.011387254585010009
231.5,0.011037923218960265
232.0,0.021454017828042262
232.5,0.024805786269016875
233.0,0.018549367665735596
233.5,0.025056844084109835
234.0,0.02321766156871374
234.5,0.01979252844979584
235.0,0.026671953150831543
235.5,0.034641975287189396
236.0,0.029102974682567985
236.5,0.039684261474920116
237.0,0.02159646424258302
237.5,0.04190193854903791
238.0,0.04159701757041986
238.5,0.043318253130285964
239.0,0.04921664118683595
239.5,0.04306918362406712
240.0,0.056474683636969954
240.5,0.06425406603455174
241.0,0.07509580662044148
241.5,0.07070829367718387
242.0,0.07521910495338915
242.5,0.08309639216186046
243.0,0.09692030590619005
243.5,0.1011321696136195
244.0,0.10440373849737057
244.5,0.11761340146175647
245.0,0.12396802312358064
245.5,0.13721224626488757
246.0,0.138204713888734
246.5,0.14988981212408312
247.0,0.1598542486270097
247.5,0.16526233558959266
248.0,0.1853074838519959
248.5,0.196862718968737
249.0,0.20779711326106573
249.5,0.2192943137700025
250.0,0.22656374683500868
250.5,0.24518230694465185
251.0,0.25968020088747534
251.5,0.27194336289199184
252.0,0.290149088774164
252.5,0.308400951014325
253.0,0.3316433459607582
253.5,0.33930316577758496
254.0,0.35629907658265264
254.5,0.3715578159040887
255.0,0.3795645142257606
255.5,0.40653313113992434
256.0,0.42472010134690946
256.5,0.45469881760881425
257.0,0.45955700557054857
257.5,0.48029518658139175
258.0,0.4969727224297144
258.5,0.5097076714573567
259.0,0.5396698164754034
259.5,0.5560721054875258
260.0,0.5745271852716033
260.5,0.5841369884783988
261.0,0.613610517247193
261.5,0.6172482051806107
262.0,0.644547947210742
262.5,0.6695640927132483
263.0,0.6702458426576016
263.5,0.688489121726513
264.0,0.7074236433543347
264.5,0.7194435658183865
265.0,0.72862312002067
265.5,0.7504651820733584
266.0,0.7578393459895018
266.5,0.777783927458418
267.0,0.7822767593737231
267.5,0.8052329283867186
268.0,0.8032891556641925
268.5,0.81439431751178
269.0,0.8279158353918357
269.5,0.8245526953420704
270.0,0.837692469927474
270.5,0.8479063466433582
271.0,0.837097732280263
271.5,0.8487575653700583
272.0,0.850757494958688
272.5,0.8539091143588896
273.0,0.8432733274330523
273.5,0.8412321130119681
274.0,0.8477448562811406
274.5,0.84285555623809
275.0,0.8378076345061467
275.5,0.8324392579716665
276.0,0.8204481256970002
276.5,0.817165893578461
277.0,0.808670784492123
277.5,0.7939114992711098
278.0,0.7962027530999976
278.5,0.7777851299088223
279.0,0.7571943470705764
279.5,0.7534051352400754
280.0,0.7315030288210758
280.5,0.7258963671017779
281.0,0.7127183644147745
281.5,0.6872171987686103
282.0,0.6800154049076765
282.5,0.6606757191854444
283.0,0.6457239624906287
283.5,0.6337414253300994
284.0,0.6053696049946474
284.5,0.5849152447526306
285.0,0.566124453120597
285.5,0.5482333884982383
286.0,0.533570193257263
286.5,0.5172568206298216
287.0,0.4985297339574051
287.5,0.48292336417158555
288.0,0.4605838169985846
288.5,0.44965027325338336
289.0,0.42309566003902266
289.5,0.4202665375036178
290.0,0.39228669424469714
290.5,0.3676442392631474
291.0,0.3496568356763267
291.5,0.3408426009579566
292.0,0.32109504865328864
292.5,0.3099506227786083
293.0,0.2933215974722216
293.5,0.2755904526913129
294.0,0.25715959180084896
294.5,0.2397109998657966
295.0,0.23140761184324118
295.5,0.22474866982874858
296.0,0.2088412230142806
296.5,0.1893276602511778
297.0,0.1846912964346601
297.5,0.1745044637121114
298.0,0.1573927389622095
298.5,0.15229300817701838
299.0,0.14200098010827997
299.5,0.12664739717809553
300.0,0.12526251183242856
300.5,0.11783891338296197
301.0,0.11245176961312496
301.5,0.1047362345939964
302.0,0.08542704064701583
302.5,0.08087943960738753
303.0,0.08178890415046598
303.5,0.07580629443877823
304.0,0.07020082084202377
304.5,0.08162786111639907
305.0,0.06029331057846234
305.5,0.0585128955709375
306.0,0.05330833402825163
306.5,0.04779112616588075
307.0,0.03923190548325325
307.5,0.04114123968236264
308.0,0.03027051992278973
308.5,0.029975242626671252
309.0,0.02598029069169907
309.5,0.02627433726006173
310.0,0.03509359336148411
310.5,0.012024589674524501
311.0,0.02280635470294306
311.5,0.00948783099688871
312.0,0.013519487966986123
312.5,0.019792654511308252
313.0,0.013269190196251663
313.5,0.006280687922907234
314.0,0.006927327198600088
314.5,0.01284063580217934
315.0,0.0048260071539301
315.5,0.008684203581021658
316.0,0.00703565217728488
316.5,0.002830858062252249
317.0,0.016158627798283535
317.5,0.008021735976277509
318.0,0.0
318.5,0.0047792082605988525
319.0,0.0001098774526532534
319.5,0.007296622982223224
320.0,0.0
320.5,0.0018077101222867189
321.0,0.004630532462136731
321.5,0.00618814342130606
322.0,0.0
322.5,0.0
323.0,0.0
323.5,0.0
324.0,0.009806776601923875
324.5,0.002883276153800557
325.0,0.0
325.5,0.005245975593500301
326.0,0.011184037602391627
326.5,0.00566213035108294
327.0,0.0
327.5,0.0
328.0,0.006663277288174751
328.5,0.0
329.0,0.0024661239154704214
329.5,0.004086902999949348
330.0,0.0
330.5,0.0
331.0,0.0
331.5,0.0
332.0,0.0
332.5,0.0
333.0,0.008236916480507202
333.5,0.0
334.0,0.0
334.5,0.0007005490528894026
335.0,0.007246334006689603
335.5,0.0
336.0,0.005844799735990162
336.5,7.579645841230568e-05
337.0,0.0
337.5,0.0023282415618617117
338.0,0.0010103048710480161
338.5,0.0
339.0,0.0003597264643505858
339.5,0.0
340.0,0.000575200088502426
340.5,0.003317058336261899
341.0,0.00793546557519749
341.5,0.0
342.0,0.010668951416894801
342.5,0.0
343.0,0.0
343.5,0.0029437967070960473
344.0,0.0014068026019999666
344.5,0.0
345.0,0.0
345.5,0.0
346.0,0.0
346.5,0.004248739255812617
347.0,0.0017856804471257438
347.5,0.0
348.0,0.004498410664807113
348.5,0.0015368366223242546
349.0,0.004064589685147428
349.5,0.003148373673790847
350.0,0.0
350.5,0.0
351.0,0.003736594586235597
351.5,0.0030519548537627263
352.0,0.0
352.5,0.0005867059241198777
353.0,0.006388380711556045
353.5,0.0
354.0,0.00273552410297995
354.5,0.0
355.0,0.0
355.5,0.0054939040814381
356.0,0.004127097773864572
356.5,0.004067561125485976
357.0,0.006527404477639065
357.5,0.00010502761987106803
358.0,0.003409771624098166
358.5,0.0
359.0,0.0016208361263784553
359.5,0.0
360.0,0.0004849826246205847
360.5,0.002975787365323903
361.0,0.0
361.5,0.010461937803345282
362.0,0.0
362.5,0.0
363.0,0.005790555084451188
363.5,0.003958314038599497
364.0,0.003120599535924561
364.5,0.003141727902939496
365.0,0.0
365.5,0.0
366.0,0.0003790229663291612
366.5,0.0
367.0,0.004875598775643238
367.5,0.0
368.0,0.0
368.5,0.0
369.0,0.0020646573123449382
369.5,0.0
370.0,0.0
370.5,0.0012184360769223075
371.0,0.0012248328706915522
371.5,0.0
372.0,0.0
372.5,0.0011602496938754366
373.0,0.0
373.5,0.0
374.0,0.0
374.5,0.0
375.0,0.0015545378299381025
375.5,0.007376781086246653
376.0,0.0042882981171619055
376.5,0.0
377.0,0.0
377.5,0.0
378.0,0.0
378.5,0.0
379.0,0.0016135928019213384
379.5,0.0
380.0,0.002596732571339619
380.5,0.0076636945651145
381.0,0.0
381.5,0.002008558610553123
382.0,0.00345071995859977
382.5,0.0
383.0,0.0011204624090773044
383.5,6.296200392798753e-05
384.0,0.000488380492758474
384.5,0.0
385.0,0.00012255087130279773
385.5,0.002489991456233312
386.0,0.007255718038979751
386.5,0.004796354130429433
387.0,0.010765912287560322
387.5,0.0
388.0,0.004361603183604803
388.5,0.0009167100286928098
389.0,0.010949014666089142
389.5,0.0
390.0,0.0
390.5,0.0
391.0,0.0
391.5,0.0
392.0,0.0
392.5,0.0007519689323811327
393.0,0.0017087798788858668
393.5,0.009380854196079482
394.0,0.004752119190930289
394.5,0.0
395.0,0.0
395.5,0.0024595958575325434
396.0,0.0
396.5,0.009157293829271778
397.0,0.005897200603606441
397.5,0.0
398.0,0.0
398.5,0.006769361870827067
399.0,0.0
399.5,0.0061890815598673096
400.0,0.0
400.5,0.0
401.0,2.6218498590916263e-05
401.5,0.00023490296882371057
402.0,0.0
402.5,0.0031142496617374937
403.0,0.0
403.5,0.0
404.0,0.0006014781585594944
404.5,0.002572194170293745
405.0,0.003558074390444449
405.5,0.0
406.0,0.0
406.5,0.006388384109492546
407.0,0.0016615700598979584
407.5,0.0
408.0,0.007755759877612615
408.5,0.0005783731714642934
409.0,0.0058964859203191325
409.5,0.00033759240705054475
410.0,0.010303739624409936
410.5,0.008776704212216022
411.0,0.0
411.5,0.004857854754771777
412.0,0.0032268797479257376
412.5,0.006843157787661744
413.0,0.0
413.5,0.003430257299992197
414.0,0.005292122434247939
414.5,0.0
415.0,0.0
415.5,0.0
416.0,0.0
416.5,0.003587711278979812
417.0,0.007511785260480141
417.5,0.0003704739020988759
418.0,0.00814307772785646
418.5,0.0
419.0,0.0
419.5,0.0
420.0,0.0019203272446965364
420.5,0.0
421.0,0.0
421.5,0.0
422.0,0.0
422.5,0.0033483627441501925
423.0,0.0018329912304842415
423.5,0.0
424.0,0.0
424.5,0.0
425.0,0.0
425.5,0.004775711602506192
426.0,0.0
426.5,0.002520232577589222
427.0,0.0
427.5,0.0
428.0,0.0
428.5,0.0
429.0,0.0
429.5,0.0
430.0,0.009823625664581946
430.5,0.00017631775985864305
431.0,0.0
431.5,0.00106989955367111
432.0,0.0
432.5,0.0
433.0,0.003070833500217126
433.5,0.0037875385502365256
434.0,0.0
434.5,0.0
435.0,0.0
435.5,0.0
436.0,0.0
436.5,0.006834371337222624
437.0,0.008224838567506419
437.5,0.0
438.0,0.002882784815278832
438.5,0.0015562507727176805
439.0,0.015394404042276188
439.5,0.005597874557172884
440.0,0.0
440.5,0.0
441.0,0.0
441.5,0.0010173181793361155
442.0,0.0
442.5,0.0
443.0,0.0
443.5,0.0
444.0,0.008435708175362823
444.5,0.004408198784747253
445.0,0.0
445.5,0.00739972069445013
446.0,0.00038684153823809154
446.5,0.0
447.0,0.007615620386348287
447.5,0.0026945502184232933
448.0,0.0
448.5,0.0
449.0,0.0
449.5,0.0
450.0,0.004630887737658207
