Wavelength_nm,Sample_1_C1.0,Sample_2_C2.5,Sample_3_C5.0,Sample_4_C7.5,Sample_5_C10.0,Sample_6_C12.5,Sample_7_C15.0,Sample_8_C17.5,Sample_9_C20.0,Sample_10_C25.0
220.0,0.047233653093594015,0.050589936174421625,0.051460250262113025,0.04646399862247222,0.053364582663242247,0.046103119615803254,0.05136645872832665,0.05022065023020848,0.045210183813751366,0.04842973943197167
220.5,0.05310900119438304,0.05262746985793067,0.050694340414760626,0.05406441392088008,0.05050245553541511,0.052991490179463176,0.04895346257932806,0.04926873066246937,0.049522616728491724,0.05198555039458075
221.0,0.05506713891057497,0.05073135625253861,0.04507472697173897,0.0496078381143057,0.050974352378185324,0.05343700634047623,0.05041398026211746,0.05073624088513769,0.05036413634515101,0.0548938225393471
221.5,0.05274058103461664,0.05582104245871225,0.04868337544327139,0.05210555140471001,0.05051907909991656,0.04805866419556129,0.05088656658154195,0.05139212375160836,0.052994124061000576,0.04818543767323093
222.0,0.05763072570431295,0.049971668760419065,0.0515694286660289,0.05285240061442904,0.05246895471796442,0.05446056126424894,0.049765338959960506,0.04681231575584332,0.05040081519507199,0.050911938855012905
222.5,0.050179045777738296,0.05790385473635497,0.04887298264672172,0.05172638539175533,0.054979428544492975,0.057118962943350254,0.051975878136387765,0.05699204874571734,0.05404276622706573,0.05205643671552762
223.0,0.04926654017427284,0.05288078685858468,0.054802307611024025,0.054763863535978945,0.05040365219493812,0.049638669133855284,0.04836170936651499,0.0531328018704358,0.058815547804322334,0.0488252394985996
223.5,0.048164453372227446,0.04920920999099655,0.05809532309173247,0.0520798949221845,0.05153179172217698,0.05075516802371065,0.05203575054267781,0.05483975347279694,0.05595878544613828,0.05528940069878207
224.0,0.058488879513232096,0.05438617969164373,0.057660018448914656,0.05661949123310579,0.053096287701315414,0.057062316635087276,0.05315657220135911,0.0568677144401016,0.05387066605329851,0.0518466934738857
224.5,0.05646400300367751,0.05245911011411368,0.053864201560286026,0.05046885621887473,0.05047144757573365,0.055325811365168565,0.0537450512617438,0.05145236823308736,0.05396866927914671,0.053936479811852164
225.0,0.05483434362736787,0.05752467474721424,0.05947766661104599,0.05538737103938343,0.05255320282182777,0.0566681493269589,0.05429197226387606,0.05643962439884215,0.053951933399444915,0.05367159288674502
225.5,0.05634123333807761,0.05354544670988821,0.055952639667197095,0.061326742940560994,0.054084611970547536,0.05653836088817839,0.05533461928719189,0.05472030726187127,0.05906847191971947,0.05316517096079477
226.0,0.05262513547000059,0.05466545623009496,0.054996755146124475,0.053011025615401164,0.058639193661095365,0.05719212041148091,0.057462363732693963,0.05856835803382455,0.05415011190006045,0.05601893034095129
226.5,0.06383918738047065,0.05083620641121383,0.054669449217478024,0.054481250900576705,0.05730699840320745,0.052544726635318846,0.05915252284670008,0.050152117967298446,0.0566742969594033,0.05590145730480012
227.0,0.05738998725003398,0.05564889030252352,0.0561042094610771,0.05855915132978898,0.0576040067751856,0.060170999421218056,0.05508555988107966,0.05674338192117139,0.05720006778780919,0.05594251895587143
227.5,0.05783097516690252,0.05023533897783273,0.056349423459815515,0.05805967621897759,0.06008060171738232,0.06104365476588132,0.05393225918015016,0.05574037673668532,0.056050463083322205,0.05538438471215497
228.0,0.06018064580558527,0.05325665636426581,0.05852797833657241,0.0590769848019896,0.05762134397369371,0.05735365194141078,0.05492405577160853,0.05935534269496328,0.05394952203413148,0.0590422223595786
228.5,0.05994703225373804,0.06079125536475265,0.05900174473578909,0.05999759557940224,0.059711440135065665,0.05841962613215716,0.05709845961433371,0.059980212336342854,0.059549014681410994,0.06356096576867434
229.0,0.05967643658818064,0.0613693617643106,0.059033060637176456,0.06094004827075962,0.05873817989463492,0.054466483934123344,0.05801600377669909,0.05696085133404064,0.05891267839129868,0.059539274582098414
229.5,0.057134283100194756,0.06079063885168162,0.0608393468418925,0.06287189802484884,0.06035315171350579,0.061114095099687134,0.05727560879936799,0.05746334157175895,0.06111485073892351,0.06263101630800064
230.0,0.06142119933847044,0.05711605723826851,0.0636059101596713,0.061280412973753966,0.058319666697789825,0.06180110066342315,0.05621356401318717,0.059786903567921004,0.05853508442193163,0.055999190901101024
230.5,0.06615414888804914,0.06037705442813415,0.06338903939944417,0.059836792525824654,0.05326430251141108,0.060414369431802534,0.05925276849693799,0.05795139279397502,0.06432397186891989,0.06117516928348223
231.0,0.06504584159076464,0.06101314601347758,0.056593213356148864,0.06308958199585606,0.06069297703643823,0.06449282823335793,0.061688001644837634,0.06369362650160137,0.05856130770235875,0.057947431350579656
231.5,0.0662909085437267,0.05805327759194362,0.053894979914336644,0.0672847607832494,0.06588173104638483,0.06063962660466643,0.06345531835463421,0.06059098001530642,0.06686309412822368,0.05735294181261681
232.0,0.06047977147582255,0.0665437411680917,0.06487005225929832,0.06170273754922303,0.06491283125788579,0.06386154909163205,0.06052900841741654,0.053513859181566835,0.05702546057283722,0.0601173484055254
232.5,0.05954702387544352,0.06517168271227519,0.05847855558585008,0.05969519960763259,0.06555457581596619,0.05963898618666451,0.061498581576858724,0.06165270471397177,0.06412107691805605,0.06647165640872242
233.0,0.06264130136050795,0.06238376278052825,0.062419014398356426,0.06646120791391263,0.0668950133734876,0.06316262005746347,0.060499836885561493,0.060210955651588745,0.06479953446371776,0.06631660050618131
233.5,0.06368912594620336,0.0636355355403268,0.06009941696850833,0.06330349057816882,0.06398548486625713,0.06325132734300752,0.0637349506289349,0.058990318717019596,0.061552352982923,0.06477779439959525
234.0,0.0673083497482356,0.06468958640589953,0.05872293465137366,0.05767530530812848,0.06484969905044423,0.06499811367640713,0.06184134198976872,0.06073878595973031,0.06578868567003791,0.06004627814089882
234.5,0.05945281894112562,0.058450327470402325,0.06627545233596477,0.06726886125847685,0.06294917261639775,0.06376907959187592,0.06667257589377477,0.0653569499452253,0.06894281261468205,0.06466647880258816
235.0,0.06962400401065925,0.06434685048313173,0.06745423074229495,0.06365916333421875,0.06440531195469287,0.06504749536645252,0.0601726963083587,0.06960460089959923,0.05905660452748585,0.06678892633364027
235.5,0.06506727234698642,0.06355728736281507,0.06397694901143679,0.06553812047351293,0.0677602738765473,0.06849434204836687,0.06504055162349343,0.06716223416925422,0.0678341552769402,0.06705900975682048
236.0,0.06476751118995086,0.06311552596979807,0.05846764512253092,0.06735709899015552,0.07009319730943774,0.06529163728569945,0.06762563801447216,0.06502319183173252,0.05948327553487233,0.06167247924438597
236.5,0.06351974125097493,0.06579683506323068,0.06514153853901963,0.06749190686500282,0.06664220494051117,0.06238094840722666,0.06789231920029876,0.06884866417873188,0.0647240931245387,0.06523040587482577
237.0,0.06210056718633234,0.0725559025853727,0.06850109802585588,0.0696168844658895,0.06630080422474224,0.07306296673673687,0.07605615902088622,0.06676263010311187,0.07319024313329581,0.06843619675579507
237.5,0.07004507222803417,0.06961142977417209,0.06344106767441973,0.06676024445940365,0.06825718863805402,0.07258886818792673,0.06968280721593006,0.06673850722510796,0.06726586342279228,0.07099788463226213
238.0,0.06830745354629253,0.0665052121424699,0.06898757798297404,0.07019556472998312,0.0706786166940605,0.0652169574737746,0.0663003308803837,0.06606815577802908,0.06622835300131939,0.06359910765488305
238.5,0.06473126684026825,0.070470622192797,0.06895981814993805,0.0684799815134338,0.06517993094651345,0.07183349265937818,0.06973085035110389,0.06501463052084447,0.06992917760287409,0.0705423665608456
239.0,0.06523148966858519,0.07348988127169812,0.07132150442268345,0.0720918763284828,0.06327871698834867,0.06895015049804644,0.06542215077124121,0.06987293361390233,0.07753823871001142,0.07234729592903781
239.5,0.06862711336164691,0.07261006969753153,0.07053107840282892,0.07235460839841884,0.06919306404669816,0.07197130488995931,0.07127521264486908,0.07232734101131298,0.06669430244872773,0.0754105224534809
240.0,0.0751617013814471,0.0705654831237078,0.0678539772052499,0.06835345993570806,0.06788423077804664,0.0728156324567769,0.06982038391268142,0.0724162730875863,0.06993880637666022,0.07594449289218512
240.5,0.06989874891624298,0.06900299709271775,0.0749773293566624,0.07508936862602848,0.07075080911039591,0.07201581372822333,0.07590901538168725,0.07235875119699915,0.07854275445621456,0.07668578821477103
241.0,0.06669401390988619,0.07360327686394205,0.07154162512712164,0.07091793043396168,0.07259108673595267,0.07119173761874717,0.07240302071482103,0.07172301027961855,0.08064196241542337,0.07368624771090691
241.5,0.07099551345948682,0.07326231278562685,0.0725817996401934,0.07566974328292823,0.07246768129037737,0.07233765998985922,0.07464084202878386,0.0773977349805861,0.07584455936202195,0.07159455988224606
242.0,0.07144762974206666,0.07535008078835734,0.0705291983793287,0.07509536532502645,0.0790154071165088,0.07257392989492698,0.07408033324543163,0.07270011213807924,0.0735988509186132,0.07746585301155721
242.5,0.0647123671689457,0.07516308314947191,0.07268528873527746,0.08028725426366336,0.07651050527151095,0.07379237209743865,0.08226196052211597,0.0801310579525124,0.08484807246083544,0.08308057291988563
243.0,0.07318198366797855,0.07701082881478798,0.07206993319557921,0.07491611405937432,0.0773501057541523,0.07710931847400171,0.07720929571462598,0.0760285436250295,0.08468069252588721,0.08580207027087283
243.5,0.07319900235382044,0.0728738092264345,0.07494019154246213,0.07539059419499401,0.079284680876595,0.07625029433824874,0.0848747602971348,0.07809929831575428,0.08337295985221628,0.08542679591805534
244.0,0.07653297895596996,0.07906308185072722,0.0813569247480755,0.0772744401438095,0.07502709926195462,0.08160065446625901,0.08310785320930018,0.0773759420049226,0.0804499901837816,0.08639701900664752
244.5,0.08054995707591467,0.07635052079177378,0.07289974052659906,0.07736362658458687,0.08264822327304705,0.0852503483544906,0.08349253204818552,0.08179984740321902,0.08441468779905838,0.0882161387221235
245.0,0.07894828673691276,0.0826472617385495,0.07300227404771718,0.08166426306784727,0.08045862362308843,0.08036723587925838,0.08463507416599476,0.08787629122014985,0.08589075272225512,0.08754643496645466
245.5,0.07533484229934954,0.07503620747326636,0.08312105283755095,0.0754623809572954,0.08392652556186386,0.08423706813928142,0.08630401745985909,0.08827328075807726,0.08932272133412718,0.0911475283946897
246.0,0.07340294281056625,0.08301419275147388,0.07898463165250068,0.07825785676849534,0.08000963366879205,0.08653056204079945,0.08105479031383195,0.09157937572993101,0.09480341505021904,0.09907022199726029
246.5,0.08503243108516748,0.07912461153893267,0.07855454016110973,0.07938922880089663,0.07996224045613078,0.08807040275548152,0.08784862494881618,0.09228258195761499,0.09538528463177014,0.09398111786807178
247.0,0.07808942253738795,0.0773251640775179,0.08467855023891069,0.08668917704100443,0.08857134132752002,0.08862495624555443,0.09321198244372036,0.08964491713293753,0.09200321647593561,0.1046385172557419
247.5,0.07856336203587412,0.07860227789817523,0.08079102418146579,0.09029364631876034,0.08884497017964531,0.09249772425677012,0.09267692085160682,0.09438518012938467,0.10206097255276414,0.10207326953990573
248.0,0.079070244770052,0.07989550815387207,0.0891911292975509,0.0862563025797527,0.08672004565074762,0.09372949725031715,0.0909237309303195,0.09565525316183288,0.10179179704767978,0.11054179711183561
248.5,0.08037004601678985,0.08296197717542145,0.08691273628644923,0.0875619728390771,0.08864892810103876,0.09073440941409665,0.09747966266556185,0.1048180800656271,0.10607703207730243,0.10617434833366449
249.0,0.07998893236881942,0.08412354047558461,0.08464633379851912,0.08987525852377387,0.09659644039915674,0.09938263825055836,0.10544252061763512,0.10029487214106785,0.1118398946696607,0.11630805271827505
249.5,0.07936125899087854,0.08173451251698235,0.09388314969739268,0.09485247249421884,0.09175421443659038,0.10193993515579067,0.10697435031939269,0.10987038076975394,0.10781015948184405,0.11684581488013802
250.0,0.08011690052121512,0.0843206295855578,0.08697024195567148,0.09039902068445049,0.10250279230913086,0.09967860849916797,0.10617614814594636,0.11343471514671151,0.11504207016260656,0.11969113204763486
250.5,0.08235047055352478,0.09179863698626752,0.09246993793689176,0.09583058467950012,0.09728544143778409,0.10497294305850242,0.1125853032937658,0.12009164197817172,0.11788024362937774,0.12987386123155206
251.0,0.08152677356782363,0.09157524921336442,0.09268311714734406,0.10010345199853415,0.1044856545890743,0.11001308549374465,0.11225619715726957,0.11751927814354753,0.11943737934840194,0.13795461239641077
251.5,0.08174495540244796,0.0887677028852207,0.09732268762059361,0.10087947813841537,0.10434907207754748,0.11066571792225496,0.1121407764967115,0.12534808961213076,0.13020998494240366,0.13855249444620563
252.0,0.08494843182773691,0.08868686329615764,0.09983023931348665,0.10228730343475537,0.1101009737398592,0.11808319845156326,0.11866371920552961,0.13485492554118786,0.14211749254797765,0.14323148073515526
252.5,0.08463014445114699,0.09009778423867863,0.097071392964245,0.10721620905327296,0.10981841902775283,0.12578006877647732,0.13061480785666768,0.13131090677886587,0.13488128883467354,0.15460136829223362
253.0,0.09069435931447718,0.09279650479001403,0.09665164813260699,0.09875815573647061,0.11433542476907418,0.1204217962612089,0.1299137259854487,0.1340865353601623,0.14655076514143375,0.16229720273189616
253.5,0.07903921894512937,0.0891619432301758,0.1023405582803594,0.11172458873590578,0.11854404122927124,0.12300847081939378,0.13515177361650105,0.13897221637867385,0.15526419621139248,0.1724481681403737
254.0,0.09109989834906893,0.09279131487098384,0.10109374285725142,0.11072810640037932,0.11924721556567104,0.13272867820308396,0.14048115231069855,0.15308224746936108,0.16087679047099948,0.18248322854663213
254.5,0.09242141562905294,0.08995214790726738,0.11145596200038017,0.11038180169613107,0.128554073551861,0.13895418815987917,0.15295981054211988,0.1520558502781253,0.16782381687365397,0.18890075574518397
255.0,0.08334629970316304,0.09761384536878452,0.1082419579951856,0.12078213580148102,0.12912506330446,0.14138828088330915,0.15837493275189835,0.16379627484796705,0.17243175891741208,0.20472826995406967
255.5,0.08944819453231767,0.09988223110550501,0.10928532191885726,0.12694290549467924,0.13457677339956708,0.15206299842194704,0.16680020041872515,0.1738964425658944,0.18572350651999484,0.21057913709757375
256.0,0.09029908873147714,0.09808396893676315,0.11362109756491728,0.12618823942710072,0.13715106517081954,0.14965182421913661,0.16672403431076746,0.18129022487611865,0.1919979346582424,0.22029600371859204
256.5,0.08815621831149931,0.10591884377900203,0.11185238810967477,0.13344927410900462,0.13760053298014177,0.1620631733147545,0.17556817440103284,0.19065451901647604,0.19750530279811981,0.22863413281401082
257.0,0.09103957276679599,0.0992552600849145,0.1159502720323111,0.13963450599573052,0.1501571450078856,0.16484520290733098,0.17804541479526678,0.19919476908485326,0.21804423325291344,0.2455375921782668
257.5,0.09106513741935261,0.10034903774874582,0.12558556650258385,0.14317123052887798,0.16370649582233987,0.1788689456654983,0.1953837776146065,0.21203173416556717,0.2283124565745284,0.2589124630575194
258.0,0.1007076298781789,0.10730040182545,0.123283409902626,0.14880103269742445,0.16486199834277443,0.18711277790835482,0.19625893956481677,0.21553237544617426,0.237171353888714,0.27715137808654533
258.5,0.09934233836742487,0.11172955287779271,0.12553578299186666,0.1509911563830844,0.1687952507406218,0.18664132008643117,0.20967987451102535,0.2270868203743181,0.24989328782426706,0.290770030571763
259.0,0.10146527195817796,0.11567829975736234,0.13386299162355933,0.15410585096567098,0.17471739424433014,0.19548391200721793,0.21546719251503382,0.23806763844510867,0.26523508750205654,0.30172705946498946
259.5,0.10096188880319655,0.11136552873906028,0.1395414755193232,0.1544206471473098,0.18253612378910458,0.20828967129927495,0.22718648868578653,0.2546858461292576,0.2761104711916711,0.3224385784359042
260.0,0.09658693303744015,0.1181712633780235,0.14202730168745442,0.16406747516879902,0.1913822408564441,0.21351471243927955,0.23709953797322858,0.2672477419092925,0.29219381968612085,0.34136680229248334
260.5,0.09960851261021442,0.1170896581141322,0.14689851010268612,0.16808581078195442,0.19377829564461083,0.22388968395937495,0.24890747535377852,0.27878996061639594,0.3032490215784531,0.3621359293045069
261.0,0.10388859222921652,0.11903328946400946,0.14583195746195546,0.1831663422439892,0.20854765053933427,0.23383202208078682,0.26068966007354455,0.29440868054749325,0.3233453221263772,0.37917422554056135
261.5,0.1000223422371828,0.12462279397210664,0.14817819631906773,0.18238778504164285,0.21553340058491025,0.23810005132964016,0.2726860785731045,0.3012685765153973,0.33623687045497114,0.3985006815594007
262.0,0.10712509398485116,0.12642221537107523,0.16143449442753638,0.1897653546278584,0.2240155441204637,0.2542847204408921,0.2892914821503508,0.3242583994854983,0.3523041297174974,0.4168327253421952
262.5,0.10559065943638295,0.12229991260619064,0.1605901386377604,0.19774172335955156,0.23193178352500277,0.2630762620635244,0.2963599460836728,0.33877333940514054,0.36492252935101105,0.4389558267877043
263.0,0.10653970946029816,0.13409005075654507,0.16556836036536962,0.2031120964612195,0.2397005688025515,0.27482278006963756,0.31362420252524587,0.3518298739433089,0.3871443052218441,0.46335281177579224
263.5,0.11117520500510504,0.13649608681367878,0.17519620792802,0.21515259137500148,0.25094183471284615,0.2921099597665885,0.33028875396433516,0.3708360859849681,0.40185063725740794,0.47805979531992515
264.0,0.11177728155474562,0.13323454094619017,0.17789114812963946,0.21546573906695288,0.26022035860409914,0.295786624570756,0.3391277852107723,0.3768087337319979,0.4209749842261645,0.5040639725255366
264.5,0.11078594617493073,0.13910952228128218,0.18271188667818472,0.22535015740862155,0.2671263245910567,0.31405017396509366,0.3528789134135768,0.39688143735800163,0.4394307665628112,0.5264034105634308
265.0,0.11679132388095731,0.14226542673600964,0.19306167938902613,0.23012259677439012,0.276412539389955,0.32307979209481175,0.36900844318742776,0.4132774428580841,0.45806798462159376,0.5539708211277926
265.5,0.11153250031438659,0.1444712470404374,0.189947896794791,0.23610760969523495,0.2885624718576488,0.335606848209341,0.3881745300828763,0.4349890181720319,0.48738812015277644,0.5810829239566093
266.0,0.11810123148675683,0.1449826462032738,0.20005064371386383,0.2460653777217143,0.30318130711372576,0.3515389240122054,0.4003836928817204,0.447284509434864,0.5050625105044457,0.6005446937879373
266.5,0.11952314341531897,0.14759472899972037,0.2028902375817603,0.25571768691945834,0.3052210751871764,0.3630681494013793,0.41356395173738436,0.47053967917275413,0.527137895334709,0.6204250779329369
267.0,0.11831539603298638,0.15253342616434654,0.20902595359123155,0.26254235845841084,0.3150377777120262,0.376762280878263,0.4321121602174894,0.49038222707323637,0.5382120219599004,0.6518642215381353
267.5,0.12172931978166293,0.15914548884511956,0.2183400088539205,0.26980464242240276,0.3305034896730753,0.3910410629183058,0.44295693427453936,0.5064767212116421,0.5627321755484643,0.6815134390694667
268.0,0.11850788565934943,0.16028386643504666,0.22082963921139556,0.27574024552277454,0.34076492699062144,0.4002714047067667,0.4639624743589089,0.5234227148698279,0.5793440048944946,0.706143549421483
268.5,0.1265436009377823,0.16056695670414567,0.22647248763795685,0.28778708238332584,0.3517352237947271,0.4125572882984966,0.47879862012552915,0.5377879778801257,0.6018433129716406,0.7315725557474715
269.0,0.1247235163766418,0.16701065309687188,0.2336086359417831,0.29157250977268756,0.3625140874534329,0.4242223332449609,0.4922499163761444,0.5563283458561119,0.621810074769165,0.755115589743645
269.5,0.12520946098605681,0.1591484472571446,0.234793292049441,0.30636239324817327,0.3716066937122348,0.43799414400523723,0.5061486933188671,0.5806073825491337,0.6487713529716033,0.7776036589816888
270.0,0.1314129587918193,0.17411112488688793,0.23881202656952624,0.31224180261611834,0.3871289014588927,0.4621714222047843,0.5213289239477793,0.5969918415121175,0.6641299332518678,0.8081941608225897
270.5,0.12762620178834497,0.16837894081359878,0.24356173671780307,0.31542159195140446,0.3880896166643028,0.46972444949187575,0.5406929449086362,0.612069516491399,0.6884897952005467,0.8289779760692269
271.0,0.12696820019046962,0.17539663737469136,0.24606885062967346,0.3265242533655526,0.4004503497212622,0.4743665778958796,0.5575907027008715,0.6281339927550075,0.7066840442599714,0.8623918921891487
271.5,0.1279551138418788,0.17595349372224783,0.26329362820207347,0.33268104100160695,0.4124402493440579,0.48659514316040053,0.5664630971956711,0.6401101002235496,0.7309109435053244,0.881336555686326
272.0,0.13584752597070926,0.1781896958645181,0.2588378554861966,0.3431787444063,0.4173653947332608,0.5038142996435595,0.5838176018607393,0.6593036247857124,0.7381515896640273,0.9009954580091462
272.5,0.13156181443845774,0.18824023660200204,0.2663517516089757,0.3532946200576688,0.4310034617461697,0.5154305755914662,0.5897854563833925,0.6840385509404845,0.7643397496382922,0.9232434066564988
273.0,0.14200628850852248,0.18595166130248778,0.27087908991318016,0.3504387773103331,0.4454034701228779,0.5264204760380693,0.607374736246569,0.6896419876319567,0.7812774418625897,0.9462688164443936
273.5,0.1317962839796816,0.190894692153524,0.27713258111009104,0.36291061976243777,0.4489833814982153,0.5345110351609982,0.6215379062513784,0.7085547030219863,0.7914213075525738,0.9663332993172533
274.0,0.14438924520825394,0.19210892852182201,0.28294659215453705,0.3682686723886787,0.4576908637509942,0.544872088512289,0.6307690912998117,0.7247701637288024,0.8130189220770959,0.9898474039111853
274.5,0.14114478287604162,0.19596044866775383,0.2871400728372482,0.3766019987876047,0.4608368104488201,0.5556302695029003,0.6418664379921378,0.7309405152985843,0.8257430443777543,1.0053525103700764
275.0,0.14138407489367,0.19691600124638367,0.28662183883069897,0.3806961966043218,0.4698930580686932,0.5636853568848944,0.6531098747698107,0.7473528804367635,0.8378018558057629,1.0196604605153032
275.5,0.14114934243395424,0.19486127256338706,0.2914191333305463,0.3828748397126418,0.4772154078028392,0.5648933450615212,0.6656380736006957,0.7607854912642014,0.8487101874267061,1.043273814414995
276.0,0.14503578709932682,0.203584747349018,0.29603963363281804,0.3888306788650298,0.4834306422724375,0.5782903355616571,0.6730136942888401,0.7682091262004576,0.8606102467710648,1.0521073939013261
276.5,0.14472138343880364,0.20085444911571151,0.29742536435184025,0.3916190790251758,0.49368780684579305,0.5831243750231961,0.6747996194911976,0.7859552412233684,0.8793351872089212,1.067163707679861
277.0,0.14907923502510337,0.19925357775165517,0.30566868362332883,0.4009979917586991,0.4963663669727131,0.5921422514948976,0.6821778402279013,0.7804574663568064,0.8823886360379478,1.0744085549540099
277.5,0.14698397862891524,0.20406889372442505,0.30467940326956033,0.40112365256798416,0.49557858295848006,0.6057219730444242,0.6927988397103653,0.7956488600409112,0.8926723036631767,1.0871217389564614
278.0,0.1478991899541423,0.21112299104629456,0.3074460567069327,0.40956570708043394,0.5032223610328626,0.602206003368381,0.7010973298045104,0.797826576508552,0.8945929952501304,1.0951404467173458
278.5,0.14709788089376818,0.21027245905236486,0.308932231458051,0.40598339903662917,0.5068818405495878,0.6036683800716045,0.6955882484279704,0.8053683172466806,0.8999347917695301,1.095048990383955
279.0,0.14869051508765158,0.20760742349381334,0.3118271813665298,0.4058349193903794,0.5110339667037115,0.6100323039911163,0.7054210888537665,0.8078975807343561,0.9094729936040451,1.111579624301751
279.5,0.1503886981505032,0.2083654589966123,0.3098695288952462,0.4046985531508642,0.5138945504979754,0.6105142242094654,0.7074006490878532,0.806693156175643,0.904757128241886,1.1125042544784434
280.0,0.14486949482203013,0.20903509484634789,0.3061095041561325,0.4045905809712321,0.5069547174245164,0.6112602834713555,0.7141650133346253,0.810686989177378,0.9087543586962842,1.1088084140515622
280.5,0.1464207365775099,0.2166434760602501,0.31152552807439304,0.4054872884996862,0.5077203559046393,0.6118867123274848,0.7088243272222668,0.8043189204127781,0.9099079391097573,1.106325511874308
281.0,0.15309114424088294,0.2117991862537316,0.30835268911269836,0.4107615196441452,0.5058407860114038,0.6154365301796731,0.7100692463364442,0.8103834017809726,0.9085611569818155,1.1085764838117798
281.5,0.15170131384479357,0.21201191876759756,0.30835773760679946,0.41069155654776285,0.5076851157267765,0.604216303824144,0.7072545343764085,0.8069470321801422,0.9047370707531465,1.1039780313584868
282.0,0.15089633466069863,0.21371156203648714,0.3110005154050485,0.4031185629170785,0.5078819218209055,0.6065244546023926,0.6973325706069281,0.8042609622266708,0.9021531527384208,1.099274123589606
282.5,0.1516965974821253,0.21106960668440233,0.31192132762894653,0.4087448325641967,0.5068749603790584,0.5989870526466694,0.701924056893832,0.800647029426521,0.8974044809260359,1.0916071242618102
283.0,0.15281207449513878,0.2091461970101723,0.306910461625477,0.4023207871878529,0.5004654407196102,0.5992831551771988,0.6951861302021753,0.7925661236540701,0.8905905002174533,1.083751957444262
283.5,0.15021500850515007,0.20874666931794048,0.30609793676818775,0.4014475356315429,0.49588333289101716,0.5899225347915189,0.6900391191101963,0.7847943003157628,0.87722833949556,1.0761991057501294
284.0,0.1495034645800637,0.20838114311243439,0.3082985386152588,0.4026245025567959,0.4928390615394524,0.5857276340125674,0.6933543944633682,0.773528423224752,0.869915109831626,1.0616637785221514
284.5,0.15237163545967417,0.20759858252642324,0.30164275801037127,0.3968212656554549,0.484835568238921,0.5796659764370501,0.6675091565972209,0.7648350823607223,0.863766282473253,1.0434535258627977
285.0,0.14873909589643608,0.20886842420411383,0.306176120488947,0.3892510147758912,0.48801075845789593,0.5763551280240485,0.6702873033885007,0.7603589528729523,0.8511682261483449,1.0359430442901663
285.5,0.1527364887415772,0.20568516384350632,0.29725518130906353,0.3829144018820074,0.47079432166298363,0.5684019942622495,0.6548136145583056,0.750014289519709,0.8316160311342324,1.020715105551309
286.0,0.1461921252906703,0.20644761049010632,0.28721709223945163,0.3742936245713907,0.4695529827705254,0.5535112991629586,0.6463601282639663,0.7330335005002807,0.823051961768733,1.0079530727881316
286.5,0.15412953911530966,0.2026130307680061,0.2914703858799773,0.3734080815672683,0.46799154069101634,0.5484407048746588,0.6344945463140874,0.7211242718000829,0.8014067683185304,0.9766813229835998
287.0,0.1521596984098085,0.20159067047737173,0.2868530049674953,0.3694309040027872,0.4544394591593738,0.5366450849678697,0.6218558804383465,0.7047695112199828,0.7919789239575687,0.9612762951036852
287.5,0.15117119169888824,0.19376315418627016,0.28588477074198115,0.3613117301381458,0.4459609078544614,0.5250132664673064,0.6093370386544825,0.6968225642148677,0.7812553509691698,0.9338312662890977
288.0,0.15297756906850887,0.20082272331578827,0.2801670246371715,0.35782744997376553,0.43722262489829194,0.517717650307131,0.599430967956804,0.680512432512841,0.7557462441816395,0.9203968503859457
288.5,0.15462142469583823,0.19735196883382025,0.2737096388603012,0.352168065867255,0.42920883857921777,0.5066370686652638,0.5808234993467425,0.669011176152275,0.7384970581125353,0.8949804331667621
289.0,0.1522366942746147,0.1974779905284797,0.2662950256889334,0.3447773126512779,0.42505438621963254,0.5036999504535402,0.5741554986959696,0.644752752160766,0.7251637709359245,0.8796099393734822
289.5,0.1432166101659783,0.18390931601535201,0.2650690945280081,0.3368442387073288,0.40525674286574376,0.48628929022574746,0.5568399096849428,0.630052551352477,0.6996562526538357,0.848156976589275
290.0,0.14442720021410155,0.19692995190011384,0.25877809420891534,0.33250044737321505,0.4072596122469755,0.4691912864265954,0.5405987586975086,0.6153481322679782,0.683420357196518,0.8215807287438144
290.5,0.1459031743145269,0.1882753062345693,0.25514657988865547,0.3264080473058127,0.38900442901878884,0.4597760535826612,0.5283144121402215,0.599797994446421,0.6678419243650239,0.8010269599682406
291.0,0.14735649593660324,0.1900201054151394,0.25415684914311554,0.314815473662452,0.38298227087200415,0.4525419347109224,0.5189447894401488,0.5802218958418451,0.6446615981763466,0.772029106335617
291.5,0.14832449694156896,0.1815590819190274,0.2528673129138622,0.31526919624045074,0.3729274655407199,0.44365932682062964,0.4989667929413752,0.5611327146314669,0.6262224876415989,0.7555412953675618
292.0,0.14408399494904497,0.18449138768645107,0.24449014653199566,0.30366343351693725,0.36637792369436556,0.42050737991960285,0.4869937566822089,0.5492156843856141,0.6094570849010519,0.7223354105738644
292.5,0.14631122100836783,0.17746705509782046,0.23516695438857735,0.29693845423085885,0.35021483409371457,0.4074967357812901,0.46907094189690224,0.5315545185990269,0.5887830525493412,0.703858390616964
293.0,0.14297788655386837,0.17673878149523345,0.23555398475930217,0.2919549084017323,0.34682687150752933,0.4066633374127197,0.4589342958136961,0.5095217963395551,0.5686811622074531,0.6728674483136402
293.5,0.14290928623243795,0.1823516931651349,0.233309092667006,0.28352844570439406,0.34201132528399864,0.3902168380497853,0.44421411783757775,0.4993335221280582,0.547359425990466,0.6536350976217352
294.0,0.14003344137537937,0.17406151446252002,0.22343777461666198,0.2787600948961699,0.3224447246454618,0.3745629301284212,0.43334719648874953,0.4819455277812602,0.5301786766642873,0.6352657511155142
294.5,0.14100599055885357,0.17334152436250486,0.22047639998591262,0.26992904972450255,0.317826021474694,0.3670500159731958,0.4131086626212965,0.4622274696925033,0.5096426079034263,0.6074742011039643
295.0,0.13925828065401558,0.1733935393692277,0.21661073693851046,0.26051269640756297,0.3061473981752559,0.3460094376687565,0.40170598147724224,0.4457221468272581,0.49264010624706883,0.5802428809567195
295.5,0.13994122491345598,0.17040915734488774,0.20998952842269317,0.2568508456185281,0.3004661083424589,0.3426206849246412,0.3863268727044365,0.43111695508013737,0.4713860973724056,0.5596275063428822
296.0,0.145605417010111,0.16756248576614946,0.21016729940296908,0.24590250853019424,0.29050235953512227,0.33253960877212296,0.37655498964990153,0.4111934941442625,0.4543421254826114,0.5371663411233208
296.5,0.13919412843399873,0.1664506957586351,0.2038487810566495,0.2433931173710388,0.2799987902778127,0.32355187417479553,0.35747837934459226,0.3985807836961472,0.4343766286322353,0.5164760185498943
297.0,0.14956131807745912,0.1708706764630822,0.20157945674645586,0.23688159915016876,0.27510533568408274,0.30726046067995927,0.34919759418283614,0.3771658573177441,0.4201784148289203,0.48950372198383135
297.5,0.14279158933350003,0.16185623268604263,0.1938957016208805,0.23046291665961258,0.27102940063793385,0.30040250686992703,0.33409044257451026,0.3718329904765126,0.40129971002626064,0.4745685925929759
298.0,0.1415406070654186,0.16106854387597988,0.19161811857069974,0.22501012767318812,0.25728827556815803,0.2875499598009961,0.32259891588368433,0.35057224748351923,0.3843798345361938,0.4445392924635414
298.5,0.13811365232331502,0.16212377734766945,0.19161077239277657,0.21426989534244695,0.25254653046503106,0.2816252220652561,0.31160614241122486,0.3463129586028134,0.3730504967207392,0.43132848793937484
299.0,0.14252139818375975,0.16086774916270588,0.18498384327138856,0.21300733936827287,0.2393248665817142,0.2690698178520705,0.30106374937227154,0.3278678392649241,0.35804759023822835,0.41304689211096457
299.5,0.1384551599303404,0.1597662744393155,0.18809125859896889,0.20989408527132633,0.2334514249600833,0.261801615095691,0.28938241400644016,0.3158012837126468,0.3454900893859204,0.39845181570455707
300.0,0.14034011779502792,0.15685141154381718,0.17867153319861542,0.20528523180918104,0.2311581023445596,0.2516886582042774,0.28025546481588925,0.30266334442585385,0.32818839031311164,0.3794201013353267
300.5,0.14747712622587322,0.15031316678947565,0.17765841723258988,0.19714351916022343,0.22792107419627633,0.2486643163638065,0.27468744333868916,0.2923311540719036,0.3176616107618472,0.35870512611510225
301.0,0.13936242697402157,0.15752681127989202,0.17705080586159674,0.19967667357156027,0.21857290677831193,0.24170793676491364,0.263715449154778,0.28664121081636523,0.30566452618073087,0.34431018745243624
301.5,0.14298312316683953,0.1481492217909002,0.1674214187411134,0.18916624936522522,0.21091385778825553,0.231237428139909,0.2546370115972282,0.26465437982008844,0.29354038518314474,0.33297861972820464
302.0,0.1373412892725304,0.1515349527654872,0.16397166630359788,0.1907895107108905,0.20650605969535046,0.22524994583373056,0.24239565964054896,0.26622022074665525,0.27853940990975434,0.31803326167210727
302.5,0.13929189948425924,0.14747933483931722,0.1624073558350403,0.1855080702537409,0.197717426355592,0.21436503770297577,0.2332852518515667,0.25420920716893214,0.2708853895618158,0.3031842515648456
303.0,0.14468542473647514,0.14874014203414254,0.16865286645812463,0.17885898929223318,0.19854377427475225,0.21176375542558729,0.23146124411824245,0.2409068345738791,0.26155287747953626,0.2908830693706793
303.5,0.13749785222228947,0.14918317072004236,0.16123819254058655,0.18291658314522435,0.19493453314349796,0.2068338035945344,0.22430944131238098,0.23315224724477585,0.25109660331377925,0.2825573388827972
304.0,0.14485075700345532,0.1484975999700121,0.1687416545043273,0.1710196744757144,0.18677784229614583,0.20953002089139627,0.2196191819692206,0.23376387734725354,0.23600879361417693,0.2677822055180051
304.5,0.14159951312092517,0.14820640554910267,0.15768854377682143,0.17457939238002038,0.18285244670230866,0.19336731535466148,0.20733191784047303,0.21874798236494933,0.23450661516309476,0.25864215913188066
305.0,0.13787907007270467,0.15125730980814464,0.15838600591152852,0.17225027495703502,0.1814623386928309,0.19647341172110078,0.2028084100397311,0.21145318047499295,0.23296700112594126,0.2556715697739285
305.5,0.14158038326872663,0.14731850303344207,0.16104213011550392,0.1648618397594705,0.17602144130747882,0.19078007696489815,0.19332894828582456,0.21211724452939523,0.21808308322493022,0.23580795337834967
306.0,0.14274304114218175,0.14483097457738192,0.1611451676309851,0.1688677293499546,0.174055380089138,0.18465913162973974,0.1922032535813406,0.20395977001163482,0.21032332457246497,0.22607891663781468
306.5,0.14185755825696,0.1481225824306361,0.16014515258145123,0.16194082323351622,0.17772044907058365,0.1854274660814405,0.19187163708636448,0.19479846975078796,0.2074626130853024,0.226153978252106
307.0,0.13547170618905777,0.1485243623385967,0.15653700043542498,0.1617339335033079,0.1680827263850531,0.17789607077693445,0.18333621909325204,0.19334153102897325,0.2015847416059819,0.2145235795343454
307.5,0.13821366457593492,0.14105486681311288,0.15504756809448209,0.15999403629188522,0.16537574057803173,0.17485592887962303,0.18284758093674555,0.18508657375874613,0.19897972756444002,0.20892219000201065
308.0,0.13988658523800673,0.14636505307120262,0.15292328657090964,0.1573156323605475,0.1623487860297067,0.1707049023492126,0.17686560785192484,0.18731243422683913,0.1868092184254977,0.2013850594821371
308.5,0.14066019246317932,0.14656225010313131,0.15275254698089713,0.15880862044807517,0.16456750341929427,0.17196436602824894,0.17522456234185635,0.18339523602800967,0.18836399576731386,0.19730791833968356
309.0,0.14301906417387697,0.14349992919298232,0.148131682257139,0.1575583252708435,0.16002680629259486,0.1692525062167441,0.16791264404892672,0.17834435651790184,0.1839122238082527,0.19772181136691191
309.5,0.14198183336697254,0.14849894635036678,0.14678905517059693,0.14886988181158123,0.1570391845267634,0.16198209768967098,0.16898658381149323,0.17468776455676455,0.17804816767263373,0.19062464448017358
310.0,0.137751444268806,0.14394352660124318,0.14877726335244865,0.1570941008156567,0.16153868554618203,0.15801072522790743,0.15738875226134227,0.17603941791098732,0.17616560885249102,0.18652360415906838
310.5,0.14322283856453713,0.14483234188921273,0.1479006711900214,0.14737936162228724,0.16058125912873328,0.1596691207318035,0.1636729866983026,0.16818834668375132,0.1752332726751798,0.17580744412060295
311.0,0.14425377084044272,0.14403581853862651,0.1467503838749744,0.15476274064745932,0.15341886534869634,0.15637505436419763,0.15743878433772324,0.16233961570408437,0.17205721823191023,0.1730968789051225
311.5,0.1444551630782794,0.14473621647896012,0.1499681210148016,0.15444855341912989,0.148658297490781,0.1572568229572325,0.1642548595669347,0.1651747770920069,0.1635867767535045,0.16487755738370086
312.0,0.1463849622080459,0.14156772481776944,0.15057901578262162,0.14729675094471953,0.15644874138333095,0.15999506479632764,0.16147152252902378,0.16825399169779662,0.16731287518790677,0.16813735832130214
312.5,0.146023340623782,0.14073378275255533,0.14787309145955194,0.14892936333715082,0.15066185212407276,0.1538977720364306,0.15922362534792742,0.1573332693228098,0.16273741738760797,0.17090946356253892
313.0,0.14528930747302982,0.15006293327803616,0.15199142641988828,0.1465211402596259,0.15448954915093324,0.15426862029787147,0.16123952721164558,0.15787153831844672,0.16145396700093642,0.16734502043085747
313.5,0.144101854541042,0.1429899951435898,0.14413669103468896,0.14894787447476804,0.14571320530104348,0.15382846414714893,0.15283852556879393,0.15896549243411756,0.15996662448136303,0.16314425209659106
314.0,0.1397396377362433,0.14283212429360923,0.1470316243061171,0.14849480117337718,0.15390299738281046,0.1555767993565065,0.16007989764561545,0.1564823948468297,0.15799968176943024,0.16199611256862714
314.5,0.14643036302841178,0.13964360058672393,0.1455570748932617,0.1516502943794132,0.14728156792229788,0.14577818663572148,0.1569192002579915,0.15277948575161346,0.16090528991160163,0.15847105264762437
315.0,0.1461916547097588,0.1445045938776052,0.14224334839012823,0.15319536360037994,0.15287820883989436,0.15028729471907265,0.1528192088623854,0.15831592741340733,0.15612067908584198,0.15982906785394235
315.5,0.14681782530266477,0.14278845259747408,0.14776740189786505,0.15346021736545956,0.15057370711429555,0.15242246096532122,0.15645319230772822,0.1612641760099277,0.152203137436423,0.16037485461540746
316.0,0.14261411413406877,0.15203694513423338,0.14785655678249862,0.1476461948817378,0.147581780357107,0.15515473513840175,0.1493465173857105,0.15436469195384137,0.15370660766268468,0.1522613361760109
316.5,0.14364863632322172,0.1505089661291441,0.1529993789519588,0.148810878962115,0.1491969505056845,0.1499218669630624,0.1499035466821142,0.1506443991586054,0.15487220303936103,0.15719409167467405
317.0,0.15050432682753073,0.1457977196332968,0.15061677639132426,0.144536197429827,0.15250763804618994,0.14568119522602416,0.15034725484326064,0.14838831310664924,0.1575850097035308,0.15841901130116356
317.5,0.14768436163620044,0.15501487516045892,0.14594257501586438,0.1473550930337894,0.1508479543370497,0.1531469730600284,0.15045847334236392,0.1535769021546455,0.15536982601025448,0.15383037657736984
318.0,0.15031030254342756,0.15160979758924895,0.15489127995555085,0.15288805828411484,0.15241124345451404,0.14941641847489384,0.14881733384136409,0.15596313992786778,0.150764403189952,0.15674711311910317
318.5,0.14881769778013604,0.14810736247883577,0.15332681434529927,0.15509231835872953,0.15675674827099287,0.14784028316953693,0.15566038897745557,0.15399849964501736,0.16061042278492949,0.16276252962703366
319.0,0.14929271118772777,0.14201038977848057,0.15176350695660842,0.14682277415366404,0.14634170285727194,0.1496699984463667,0.15127507833749815,0.15255303693895234,0.15386318131774412,0.15377304085205204
319.5,0.1524923743882618,0.15681663514360672,0.14970816255511943,0.14905402950004473,0.15612686742824375,0.15116546105620476,0.15322035946007742,0.1508388370254733,0.15687663162067272,0.15511799540836058
320.0,0.1486065026209268,0.1462178746136565,0.14789486631772414,0.15108055877096507,0.1518594358683588,0.15011872607612178,0.15060849798444265,0.1494296531994767,0.15263759281084657,0.15165174888848867
320.5,0.15092282979034025,0.14589997240792257,0.1500557169693733,0.15234898942283853,0.14914832245020354,0.14556414507266896,0.14705520199111383,0.15535743452052725,0.15478942692446218,0.15440543997573844
321.0,0.14972990011866094,0.15435952625796903,0.15484987578299278,0.14944663432605537,0.14817631897054342,0.1551502734003619,0.15356106184681484,0.15578401959773744,0.155852925209076,0.15529896449434785
321.5,0.15029766085719448,0.15907213106774637,0.15765950661526087,0.15353080467957786,0.151944134222583,0.15658899436747878,0.1472804781661118,0.14863292758102745,0.15717757492509093,0.15461326550809562
322.0,0.15115998327432142,0.15637156756734988,0.15706722880845317,0.15123472929424214,0.15563994678304655,0.15504831153311,0.15310659253265335,0.1583007607172701,0.156922097810681,0.15112840515905634
322.5,0.1532419617910496,0.15438062855052814,0.1514112541153833,0.15302334675847834,0.15287295740035164,0.15003144894058085,0.14952846202572795,0.1555445219952794,0.15662780052318742,0.15500809721768694
323.0,0.15162889133693924,0.15494710602981998,0.14996683370978123,0.15512738175848348,0.15818483681003856,0.15320974042227808,0.1599388860266372,0.15833868496920625,0.15335748384501066,0.15901501786439415
323.5,0.157323322753476,0.1562003826182295,0.1542029306245107,0.15393967463509847,0.1497070166973995,0.15418111576375437,0.15707490381785544,0.15045456834776447,0.15290584940924015,0.156247266712429
324.0,0.15136433249313466,0.15639717176884316,0.1489354539022771,0.15305200032686878,0.15444527715439316,0.15639831316609987,0.1550395773707114,0.15074522953013345,0.15596091052683517,0.15808982156204374
324.5,0.1539806811102393,0.1554468143787166,0.15567598335617128,0.15448089090864792,0.15115578009399452,0.1570212220001966,0.15891056067381482,0.15477577281835742,0.15812530507149097,0.15482136515804681
325.0,0.15371615987745488,0.1554009859425491,0.154733957502491,0.1550000590144645,0.1564444261706489,0.15323939175713205,0.15299134785176383,0.1571270316955401,0.15503889894321823,0.15813352702520617
325.5,0.15987114648333128,0.15538775269197663,0.15425295464574565,0.1546165631373792,0.1584627904729927,0.15612364704761666,0.15758363059006145,0.16141780699850727,0.15929977250254473,0.15709312427140154
326.0,0.15661543952235746,0.15380254421545683,0.15134476676231334,0.1554169257581693,0.15499546654718427,0.15769403112413002,0.1569860591934973,0.15856930261584343,0.16087335409291342,0.1537916476315069
326.5,0.15961748482774318,0.15571285279274288,0.15815055636639558,0.16146057558154378,0.1489068705234914,0.16114185708315631,0.15762132838406023,0.15615610233296634,0.15419006142952538,0.15800434324782867
327.0,0.152561981001696,0.1519677848594311,0.15549520808504874,0.15882272424987545,0.15778346564845844,0.15934679612956038,0.16109699231242372,0.154247479491123,0.15486248030474906,0.15449146302985145
327.5,0.15831698913382705,0.15724457696016392,0.15406944117396548,0.15673234656755702,0.15896859901739321,0.16006514926486742,0.15993505135162844,0.16146717260199464,0.15739564154766936,0.15599731758082733
328.0,0.16068231089198642,0.1550677729413375,0.14945030588573557,0.16019150200190296,0.15934706931604609,0.15841921119773933,0.1590674485652166,0.1553407075622796,0.15919120810688958,0.15890344754977964
328.5,0.1587582006316348,0.15521760370787394,0.15847419860389061,0.15758365650929573,0.16232083321355145,0.16287323573321677,0.15370556764844262,0.16358400728096573,0.15715327223486888,0.1596754494153529
329.0,0.16220602257749575,0.1595636360842097,0.1643646620515078,0.16259123480500778,0.15588265348405,0.16034905654162493,0.15626358289865733,0.1583145214664255,0.16324823708259573,0.15567183891226147
329.5,0.15795621004832294,0.1636961953555939,0.1645241546367638,0.16066949206627457,0.1616214023025917,0.15701767875227976,0.15925300417857338,0.1644130656937742,0.1609337085570361,0.16286384227914955
330.0,0.1642348365876192,0.1627719354856631,0.15866268256555346,0.15972905057095574,0.1636454652080585,0.16429503824865627,0.1603820311287668,0.16215569354377082,0.16025422648597135,0.16188587551146283
330.5,0.16740240083738844,0.1558027643554572,0.15872189615156812,0.161885949276411,0.15522130191328734,0.16266504064925072,0.15719498582393857,0.16018887669595971,0.15630640075900823,0.1585284763564346
331.0,0.15991626883402427,0.15804307687864708,0.1624302453449413,0.15632325540886882,0.16200680063118933,0.15973067437840507,0.16830679775688387,0.15952553990302834,0.1571482428575823,0.15650685849423351
331.5,0.1601674969943256,0.1643323249602844,0.15852486647507463,0.15814973178222985,0.160027506092256,0.16011157807940102,0.16610925054367923,0.1605473561422,0.1624231189214034,0.1611654002259532
332.0,0.16636349936524228,0.15906090265410805,0.16292210536890434,0.15844331948497178,0.16178889131958696,0.16293155080903715,0.1638565439695153,0.1633435039201865,0.15566913179931927,0.16074581720564626
332.5,0.16724150722028,0.16183307750772852,0.16481219475059328,0.1629497601574499,0.1635709372814934,0.16392443917440078,0.16275797233016884,0.16278030819269035,0.16559372789068902,0.1629091909483551
333.0,0.1614337436226485,0.1646559655573444,0.1666924181921944,0.16821497277926753,0.16156155134874234,0.16362092309824736,0.162398228651921,0.16125923059768907,0.162572012549049,0.16196874261924074
333.5,0.1622413709903326,0.1605997952394595,0.163209194978661,0.17020838625072915,0.16149219017871685,0.16445806904058075,0.1606732162442358,0.16303690599740003,0.17326790774118755,0.15752591545826916
334.0,0.1631562487853142,0.1643201330481772,0.1633969918089477,0.16592617289354017,0.16411848337142126,0.16911990477242564,0.16425648073399238,0.16426377679733253,0.1709558009897627,0.16287502448248947
334.5,0.16046797592601533,0.16050124216304076,0.16187268953532108,0.1660124893682195,0.16125153677459314,0.16773122269568158,0.16529316950720055,0.15813702825132323,0.1639822019746205,0.16361632914474888
335.0,0.16224514180064664,0.16319864116839441,0.16252484713837656,0.15960505909828598,0.16175350101433672,0.1655856272750354,0.16129118287504354,0.16639371304610256,0.1647029417943906,0.16692842407680286
335.5,0.16248848373435915,0.16646161088896597,0.16482509349737207,0.1638787738604129,0.1675471801950228,0.16833525717499406,0.16651611977096464,0.16257669193161783,0.16850486523431268,0.16342805184155007
336.0,0.16369735388345216,0.16122288524631637,0.16710582941427127,0.16364224808500935,0.16256108368216945,0.16291176052397416,0.16554542153499388,0.16255306791876223,0.17112444940504493,0.17105468848923122
336.5,0.16639655945677995,0.1678229595112319,0.1692438244734011,0.16464206309729873,0.1685050786921304,0.16770145763659386,0.16078578911047195,0.16144871404012268,0.16159819520649746,0.1607804313215516
337.0,0.16770314848181667,0.16694234731373767,0.16459298456899438,0.16649935067579874,0.16839281672063267,0.17243422260178787,0.16442640923076773,0.16162714748002027,0.16165095928807757,0.17094610959858494
337.5,0.17215191485349124,0.16915850330087395,0.1719801325821236,0.16608682857977616,0.1623267135641183,0.16685102950193548,0.1662653840254702,0.16344089155402075,0.165642163084317,0.1668373774635909
338.0,0.1650052761444224,0.16867258806879085,0.16718832053006605,0.16206463756866327,0.1659706887093805,0.1654613265471271,0.1736681369716018,0.16587885679328662,0.16975497808229656,0.1705872112829994
338.5,0.1714532435203753,0.1725931121022854,0.16843727974168235,0.1707458032054441,0.17208509145859743,0.16654718739603996,0.17017380424778425,0.17436461309912651,0.1699961472704334,0.1687463125758145
339.0,0.16835825880148358,0.16937623684334405,0.16675949163335713,0.16578346092898147,0.16605875674818213,0.1657339175649743,0.1649969353051021,0.16742630432011643,0.1722138210481539,0.17242429996207934
339.5,0.16935179230510877,0.16821224196178938,0.16222819638951144,0.17021911634782885,0.16810862155373235,0.16714800720144254,0.17096086037924368,0.17003646041496,0.16590457609622514,0.16834249995799286
340.0,0.1720246075426267,0.17036726517441406,0.17265288151971753,0.17622336600520153,0.1713876733410245,0.16889033903081593,0.16536032402508813,0.17120405281673942,0.16305454973363104,0.16670786537763863
340.5,0.1671319548625024,0.17213019640508243,0.17271113632722382,0.1677427531791605,0.1728513807997408,0.16628481053233035,0.17374988706950079,0.17089531178446035,0.1730764611296925,0.1747645360415458
341.0,0.17214732716837444,0.17114682503553286,0.17015650697775686,0.16340987190542827,0.17024636264008952,0.17104807912462758,0.16958809499188088,0.1707693833897123,0.1685173697775503,0.1706620063079111
341.5,0.17199943579306154,0.17162197299466758,0.17170136799378652,0.17064258109752756,0.16970826110014894,0.17420782112663977,0.17122027896011827,0.16791550415659404,0.1654461197752818,0.17216665463143227
342.0,0.17347741768233976,0.169894184662368,0.17354813710468886,0.17530335808236056,0.17626774848824864,0.16927753008850066,0.17597834829735626,0.1763539007253556,0.1724364690441844,0.17570585300001723
342.5,0.1733675574028992,0.17051142592528648,0.16781261978521902,0.1783754283964798,0.17771721370315008,0.17705849516062197,0.16863928136188325,0.17792249067648902,0.17488055648817072,0.16940542105311004
343.0,0.18036594181390112,0.16879228767002202,0.17141304893880333,0.16931166167290607,0.17593698809402983,0.17453289369268832,0.16880926635718768,0.1679527483155797,0.17263465648700504,0.17478750754712885
343.5,0.1715868132795348,0.17874881331028272,0.1758829602003093,0.1749903469118753,0.17375628675058274,0.17659215716048177,0.17174970050529348,0.17042849579239427,0.17212711948722786,0.1717311465378305
344.0,0.17240703576844044,0.17026847687744084,0.17023726489772165,0.1726042683805039,0.171575469169536,0.17202682925651708,0.17711553605474614,0.17316103505817185,0.17352244597247984,0.17360415776921387
344.5,0.1726305997286175,0.17242133767634182,0.17538078033595897,0.17418231474627624,0.1720088798592485,0.1770638420298476,0.16994228139194675,0.17160675950337628,0.17338867787063406,0.17471736959344836
345.0,0.17333358566017062,0.17284482074742089,0.1709303396743868,0.18293315767343662,0.1765677124923113,0.1717244110194566,0.1665037884704393,0.17651819446926711,0.17095619901720754,0.17049975985694424
345.5,0.17358785218573505,0.17818480704996986,0.17689935778557367,0.17099119077222416,0.17675533033921223,0.17817091209819227,0.1741467269395923,0.17331542082673598,0.17335622932212108,0.17316382806290417
346.0,0.17956706039163667,0.17511517796090892,0.17589312954467762,0.17676129997183881,0.1802049037619794,0.17651565299830577,0.17765538437444295,0.18249535717391502,0.17756405568132172,0.18005348863508974
346.5,0.180761521323295,0.1802432476663348,0.17165464744891062,0.17790314386023706,0.17845143607086278,0.1781598609015223,0.180100913939098,0.1800717959212259,0.17746520721063822,0.17915878804889027
347.0,0.17528776792325357,0.17497954513852346,0.18049425208588166,0.18025741000858328,0.17249082713974084,0.17347330123940083,0.17561061798127425,0.17763784117068218,0.17750431550794107,0.17681225138056905
347.5,0.17500293866816607,0.17833699595536828,0.17529625220699963,0.17779398986650335,0.1806558967279563,0.1748148578166546,0.17626580099083333,0.1805810530708374,0.17451466230401494,0.17822950506250756
348.0,0.17941425092730776,0.17549396948559215,0.17556926397969969,0.17892418355462653,0.1750058606995424,0.1797917378816172,0.1814617660749957,0.1813177757906718,0.17745557567656428,0.17711737893680474
348.5,0.1768433342268692,0.18493545578260043,0.1791017243902534,0.17732507949557547,0.17734811978126408,0.1756549979837288,0.17289082529659544,0.17680821633078725,0.1719688720549137,0.1825698341502868
349.0,0.18089879809950718,0.1754372113585131,0.1824459252794894,0.17980740067054024,0.17975062708116163,0.18038965195430556,0.17783447736806077,0.17655139457558555,0.17953548291646929,0.1783990084226339
349.5,0.1801087711432211,0.18042946733234913,0.17645254494640092,0.17847043877851193,0.18548702327602412,0.17539861258895956,0.1800713028797835,0.17973446560058537,0.18378661473678518,0.18019557829308513
350.0,0.1754527692881427,0.18190133472563233,0.18018504771521598,0.18186472791807626,0.18932977199936024,0.1825445430521802,0.18134768066087134,0.18258493695334613,0.175577636266562,0.1834381312607866
350.5,0.18514251688362854,0.1817414004914504,0.18178645589918355,0.17939117858915685,0.1823201819737922,0.17680244605117404,0.17897059911500285,0.18091720358963168,0.17874224257281407,0.17816791753642144
351.0,0.18638763402020478,0.1804441395256624,0.18307932182638048,0.18213130868859315,0.18045042015302096,0.1826569123245162,0.1811033380488907,0.1762690280694957,0.1819873403544946,0.18567639257644597
351.5,0.17966163471009536,0.18111053985467104,0.18202932857357426,0.18141221742055896,0.18310352476092684,0.18337690257029451,0.17403502966298887,0.17909154034524657,0.1852585435342529,0.1769086353094829
352.0,0.18083689592939123,0.1821314359389353,0.18089891952874598,0.18537815532131044,0.1846629723696134,0.17990969215970112,0.18002526390098628,0.18177809207020268,0.18065533833508335,0.18688894162331815
352.5,0.18335759664620785,0.18205899518019736,0.18001723170821954,0.18234582238448308,0.18153800186365981,0.18424608562666842,0.1838605332481605,0.18227301148260244,0.1804232584928651,0.18138198509897258
353.0,0.1840033707381783,0.1858916382709278,0.1832584334902253,0.1776809053570086,0.18838563774990927,0.18378133139271607,0.18005312342049445,0.188917632974171,0.1770932379370964,0.18227191296195497
353.5,0.1854756331035444,0.19013156971858883,0.18028358439167275,0.18728576664358632,0.18419021513283335,0.1818834780004957,0.1836769569476575,0.1793420411695065,0.1838103200984426,0.177829976624599
354.0,0.19003061383731976,0.1823275251975283,0.17523594965461972,0.18128280475506747,0.18549323147748129,0.18097433871053023,0.18534062081771874,0.18551677159337002,0.1901262325408454,0.18263562137338463
354.5,0.18396915848830941,0.18039059148824169,0.18580968026643083,0.18253870226499028,0.18649777446407906,0.17861212505987684,0.1834723549593002,0.18896734231383727,0.18533207880172534,0.1813805846767085
355.0,0.18260510839813318,0.18473515418431766,0.1877118051820014,0.18321301710598376,0.18626476114932902,0.18604895178875613,0.18551139328921817,0.19181435154186827,0.18493316569742016,0.1831770642575937
355.5,0.18136204241741094,0.19323912826659922,0.17841120320064707,0.18962331504042132,0.18801682251595397,0.1808055929540953,0.1826118038259639,0.18428680950590212,0.18646624896139125,0.18508806963899624
356.0,0.18380720995816496,0.1835889764910676,0.18297080827582377,0.17959297794299423,0.18414824122026635,0.18628603357320783,0.18538016733077253,0.18747428972299804,0.18596672554796842,0.1888733767931865
356.5,0.1864006191412281,0.1914173505659559,0.188357463082263,0.1959132460498511,0.18482509533665675,0.18570965609987178,0.1883306494065099,0.18820928211896187,0.18406095808020925,0.18712281155043894
357.0,0.19238367363640174,0.19203310255685024,0.19317248663837697,0.19016817077106096,0.18369953775956865,0.18903742889941927,0.1874709195706309,0.1875864459970064,0.18946984066400058,0.1879230311064127
357.5,0.18594716613795323,0.18583923536253039,0.18756238129833494,0.18816971700535054,0.1888185040424781,0.18659386393980218,0.18574040671723432,0.18720346500986257,0.18817728527057012,0.18421344271000686
358.0,0.18867136388168304,0.18970694930447168,0.1858159913101443,0.18783531819889873,0.19033680977819978,0.18701165697553804,0.18867264961436755,0.18930792663691118,0.18805284029112787,0.1853577384003504
358.5,0.1884507313321799,0.19338518992038095,0.1879513107786762,0.18935666237755905,0.1898733188024371,0.1906956123678417,0.19064382967788202,0.18090326210130844,0.18557390232612814,0.19389617556500752
359.0,0.19256517983586233,0.18786261681583274,0.193124629335035,0.1905633674015237,0.1940234774552235,0.19000517428122846,0.1828501763970389,0.19104620874175446,0.19291052410616608,0.18679439728366248
359.5,0.19708079728940595,0.18888925894915556,0.1875621075215517,0.19143564684623815,0.18948321206136348,0.19044846801886162,0.1929772223716436,0.18987853391722448,0.19149410847170056,0.19446862505079843
360.0,0.18840739369017356,0.1882549572804904,0.18760242402472188,0.1916668134650193,0.1920062250561228,0.19140780288110718,0.18899123591797468,0.18933257546601942,0.1883412376665886,0.18927081662672054
360.5,0.18903168167920706,0.18745572982482572,0.1890517694672625,0.19076874209447867,0.18722489743919926,0.1858932837149002,0.19177646990114647,0.19664058670548878,0.19350547469628018,0.19050686397747352
361.0,0.19413248263631566,0.1890521673775731,0.1881400142007661,0.19040798477739138,0.18983870094366126,0.19327036610381654,0.1945917408475624,0.18897519803302618,0.1895072875870133,0.19421109560840094
361.5,0.19354567447273166,0.187828179209345,0.19186801096724795,0.1910461801779348,0.19358661331122445,0.1933374064301997,0.1873849789660993,0.19029077210022738,0.18915398959952112,0.19531567736213376
362.0,0.19754012198010873,0.19210225041202922,0.19687403538991174,0.1914152751806966,0.1945473063612356,0.1889499506505282,0.1898716770362266,0.19797465995737498,0.18972089070557147,0.19166756239167812
362.5,0.1942517845581579,0.1901900803122741,0.1934692378302482,0.19590131030695132,0.19161809917880762,0.1917677586062276,0.19163435394507314,0.19000381612360073,0.18718679438433608,0.19133527089393582
363.0,0.19192212372927445,0.19370135773946123,0.19224293950179913,0.19478067017910955,0.19278520226078175,0.19288207815756203,0.19064873946116065,0.1913496541798133,0.19441462717396651,0.19283223869532323
363.5,0.19527196449330192,0.18883231306445164,0.1926245661993784,0.1846788341051947,0.1889463787722076,0.19309650966210737,0.19870480974588547,0.19305892375114503,0.18800656538948501,0.19451387261532144
364.0,0.19732611074266462,0.1949926406989331,0.1893104275784895,0.1959677023364585,0.19292891240673912,0.1950015799111543,0.19142968373225802,0.1965222034624168,0.19031466852452059,0.19667391108350663
364.5,0.1969614465442757,0.19700058688653577,0.19714932933485946,0.1950842085892833,0.1971711494973953,0.1987941003540385,0.19283335967179335,0.19512340753402285,0.1882732359864363,0.19451268959407234
365.0,0.19652182209383123,0.18901879307355895,0.19476648841150826,0.1949438737344823,0.196725615053413,0.19824530018938513,0.1956131671024489,0.19112212396745648,0.19474179093181393,0.1968566589068027
365.5,0.1987000240691463,0.1966221697104898,0.1949585602611223,0.19433444464357458,0.19700199716793193,0.19156334242444117,0.1918935514274542,0.19390349431724796,0.19504903862676098,0.2004150792062836
366.0,0.1995078867716183,0.19968300697812308,0.205579322704941,0.19937233816206765,0.19614932106435568,0.19786620997443416,0.1948129578689504,0.19417793670528574,0.19501991136606647,0.1971439288438263
366.5,0.20064647697332105,0.1928710769444476,0.19739625872613947,0.1993425793879322,0.1965211894779694,0.2004867999612123,0.1974523597868778,0.19626833686797934,0.19337226692015796,0.19743495857322646
367.0,0.19894612966292322,0.20201771716089878,0.19474462685048577,0.19468136699768615,0.1950190365831223,0.19816042556399588,0.1960014187891664,0.19827753097858908,0.1934832987427753,0.19244326752858637
367.5,0.19699864575916337,0.198757057028383,0.19622092721195308,0.1987211568622282,0.19959648526174703,0.2007729412769822,0.19721983942500929,0.19875461726965793,0.19889310959291862,0.1896078095923614
368.0,0.19844014105938398,0.19588496443293485,0.20144533712801035,0.1950850297970063,0.19926291883400835,0.20403681133815252,0.19641200366391515,0.1926719647393251,0.19634834420655486,0.19916512718979093
368.5,0.20211952689958693,0.1983326927671815,0.19883981123192251,0.19436114550609704,0.19997605654459683,0.201571128639094,0.19395658907338537,0.2016918229637648,0.1994490749658453,0.19821552730770345
369.0,0.19654919298708373,0.20067498073767878,0.1946851660652751,0.19711984832657092,0.19742189547245168,0.1997479257874932,0.19996477963469936,0.1997577065387851,0.19634425394253618,0.1974556519763918
369.5,0.20060601992665206,0.19972801617432057,0.2022576868038923,0.2020871804173983,0.1930399712407196,0.20263526542267093,0.20476479921544172,0.20365359614336503,0.20004318822897993,0.20023059061339235
370.0,0.1988199835630423,0.20161626797740012,0.19799556774350507,0.20285937513631133,0.20329145813550517,0.20043466349959577,0.20005520489271644,0.20133259498229916,0.20390983411243638,0.19981878881301948
370.5,0.20058623446882232,0.19773797922080652,0.20611989332874187,0.2020392562604257,0.1990634876321532,0.2005717091300779,0.20117579235201027,0.2038039688735195,0.20225849740153518,0.20388334075234774
371.0,0.20483535558783492,0.2015080824721408,0.20424014419720904,0.20317528736064164,0.19841167270800086,0.19994575729302155,0.20307816826554587,0.20239963593457824,0.19976275854561096,0.20125833260510242
371.5,0.20207329720406922,0.19725885650930877,0.20015803431307116,0.20304853486141602,0.20358043673583684,0.20619024007661488,0.19769200851050217,0.20553867726877423,0.20227159691125748,0.1992592301450266
372.0,0.20213930964447535,0.20166632181597116,0.20584304908523982,0.2000755552143829,0.20082396208031159,0.1995447140022602,0.20710754397449227,0.20356675190817403,0.20127800447654728,0.2049704987170503
372.5,0.19842043157706526,0.19978827707561816,0.20270356653160726,0.20379576763405938,0.20567980915218995,0.20709710317409696,0.20310698638934352,0.2022062542607589,0.20252364055418431,0.20184860677528654
373.0,0.2052387606980853,0.20079341017223978,0.20555832102538482,0.20540122857571025,0.2048510178487664,0.20449959237126647,0.20789557069732176,0.20981730416140415,0.20202316684362706,0.20457961005110764
373.5,0.20543645254342588,0.2072082795256379,0.20495419845189658,0.20576287398946042,0.2055507079696277,0.199302081475627,0.2013009010134674,0.20616711136688562,0.20300699438239633,0.20206776788148723
374.0,0.21048976416991827,0.20727393036178757,0.20146093003503684,0.20756674011443815,0.19990213286641736,0.205102947878998,0.20945418576770192,0.20572123326304642,0.20463628005926046,0.20205051934355509
374.5,0.20357666529514237,0.20632741436272495,0.20256935050305447,0.20662491154161344,0.20813583195617288,0.19819992047706222,0.20682546648212485,0.2006710867504089,0.2015199239012815,0.20475250469059128
375.0,0.20565745098299282,0.20172306170598475,0.2080898824527484,0.20605434462263214,0.2057837515937114,0.2068765240505054,0.20665912025757183,0.2011350771476266,0.20195236351904974,0.20503848593065566
375.5,0.20624815105113298,0.2045507746509174,0.20449567400368393,0.2087104507149546,0.20439216858226847,0.2081556944489758,0.20620207336307006,0.20637814644643793,0.2013343723385205,0.20693948110611818
376.0,0.21073235983929095,0.20963929309993884,0.20478905461027655,0.20592043622225664,0.20643016540203185,0.20422293213305018,0.20525441414578427,0.20643656359331358,0.20119918668649903,0.20519406274008345
376.5,0.20621411340283952,0.20692515074092066,0.20363463226195377,0.2038543760463196,0.2011712943013087,0.2068706430878713,0.21010159497542708,0.20465763230498143,0.20284815192334582,0.2009909206486979
377.0,0.2078370645773113,0.21395798861994575,0.2082707971967817,0.20651079910817066,0.2082259584344446,0.21286247230125413,0.20742107960954803,0.2074229480988407,0.20747838752041758,0.20570167834924133
377.5,0.20932368952914984,0.2086799535181836,0.21368757475773037,0.20526529206558206,0.20441188547545566,0.2059827598872165,0.20159879088924135,0.21226588078413405,0.20482163745352805,0.2098814554014361
378.0,0.20855982736946924,0.20857614734947044,0.20479740125723786,0.20597446517507786,0.20394198914247072,0.20482327723883184,0.204648440614881,0.21008620742365322,0.20954084339269594,0.207107871762274
378.5,0.20716069915634852,0.20757265060739274,0.20857265837001876,0.20806644398785415,0.20393292244134728,0.21294499020738897,0.20794246274342318,0.20507697447074344,0.20860414124625956,0.2077608497924587
379.0,0.209582269978695,0.20940062271434703,0.21323666166624664,0.20662274023700064,0.21233806512497047,0.21488776157159323,0.20992999694949768,0.20866547351857234,0.2030944873596872,0.2119591295177195
379.5,0.21272089524957938,0.2090425904908585,0.2092610758262631,0.20857611541108326,0.20761220981892212,0.20951108701554413,0.20933023453330102,0.20708510055744317,0.21146492675266604,0.20736408031822443
380.0,0.20692045410176688,0.21212432603006587,0.21135711538874938,0.2043191559991389,0.21460118312974985,0.21303438910622552,0.2136569123693815,0.20883690025077492,0.21243239593677582,0.20537159034527216
380.5,0.21089890902244068,0.21337010695038383,0.20731281941555949,0.211139881122119,0.20889259561084336,0.21452442774659297,0.2046466944078845,0.20925915300311151,0.20751841197549592,0.21001810664142412
381.0,0.20889963755518254,0.2086420316184762,0.21228492129162305,0.2110036164260868,0.20587792612722133,0.20877254730238506,0.21143076380951575,0.2095670632521883,0.21226057462868533,0.2095474781462542
381.5,0.21508513988677455,0.20750630113932672,0.21093856720498644,0.20904873410679553,0.20815042668015415,0.21004408249389656,0.20604606232383874,0.20773459388408003,0.20893050528777266,0.20860126104074056
382.0,0.2074304392856487,0.20649138388069016,0.21495718998703964,0.2139777370052973,0.21570743486002092,0.21569262353946433,0.21427913688645264,0.2116170359554456,0.2122930111302452,0.21147386463230414
382.5,0.21082323445818527,0.2140239739807377,0.21606215815469432,0.21531271041287975,0.21203230546619006,0.21755504283612564,0.21221662385667409,0.21081817708945821,0.20870650477913524,0.21397451694174052
383.0,0.21413163562519358,0.2096899001814784,0.2207686909260559,0.20817732040689313,0.21135513811052825,0.21468864258052314,0.21425882991607242,0.2042116539299933,0.2076206806423964,0.21297213431529669
383.5,0.21819657208770304,0.20704132822114257,0.2152388995196408,0.2112118256643014,0.2139800546775584,0.21086055693949388,0.21090835111823078,0.21965891607350507,0.21235154843116116,0.21442094321805882
384.0,0.21380274921678105,0.2151657358135929,0.21497738894974652,0.21169257295063815,0.21550534820850267,0.21996118333509837,0.2178383947949733,0.21726630896265006,0.21362881316117555,0.21944022309554634
384.5,0.21283440141992044,0.22197899855229838,0.21508315290473204,0.21168029069667343,0.2178521964477074,0.21290708730656416,0.2176251739921766,0.21337109782522506,0.21330696091915624,0.21347136341532735
385.0,0.22064347120832178,0.21498178726538034,0.21394050112156796,0.21748842452579528,0.21934549768967881,0.21399458665648566,0.2167506329090357,0.21505645714922184,0.21144790832533236,0.21583504590393407
385.5,0.2111559582987513,0.21801547232335494,0.2165154515303851,0.2149185215836816,0.21442069406263276,0.2165270135034689,0.2151114482594097,0.21198503695804735,0.21430030281360662,0.21397235991220265
386.0,0.2094035821301398,0.21624548807564273,0.21511379576958295,0.2152064554760682,0.2120218569417539,0.22066248126214436,0.2177395718558854,0.2210871686334326,0.21680788425774222,0.2134609208403391
386.5,0.21782004335016003,0.2162033310404266,0.21700538292880886,0.21048841290677978,0.2152596045166302,0.2190619279296567,0.21437932229603798,0.22219186608431937,0.21636532090963242,0.21474527703974672
387.0,0.2154938373269422,0.21975722944896334,0.2209527926068239,0.2189062540906277,0.2177808415197487,0.21824459650108577,0.21956666697706217,0.2174700811847396,0.21754750309179766,0.21556372428543497
387.5,0.21443630154860788,0.21662917636743406,0.21448037230416112,0.2137822248154396,0.2146087232213682,0.21888986559035434,0.2224484426829718,0.22057059193255607,0.21548965439863732,0.2185784273926414
388.0,0.2201250693418981,0.21880217694221574,0.22141963568338716,0.218179797890799,0.2151285472553149,0.21813054400593043,0.22121183167993758,0.2185258603368018,0.2215151537441485,0.2250472273601023
388.5,0.21923140214131362,0.21946509341858808,0.22245134520201962,0.2193321308138746,0.21953136364464967,0.22017441854355554,0.2163111925905778,0.21448982368337224,0.2149714799903357,0.2163518696911725
389.0,0.21730776410778985,0.21699572863907088,0.2186457944190268,0.22308197578751598,0.21885404294528868,0.21141131976691713,0.22008425195181933,0.21776452989310904,0.22046268089126017,0.21775012408315364
389.5,0.21565908680398735,0.22247612704860958,0.21313443530297424,0.21557353880264268,0.2195983909862348,0.21861017762279064,0.2156205753687241,0.2198957839003159,0.22304567327887992,0.21931063096066628
390.0,0.22261737198484047,0.2194751207299138,0.21817653403871673,0.21094146353253757,0.21772451399589982,0.22072396580475037,0.22171717093352705,0.2186363568437697,0.2214427242782467,0.22118739654612926
390.5,0.22245060353387602,0.2182327645215215,0.22439098363968335,0.2210515486342611,0.21980879785738272,0.2170469577491415,0.22185181023858763,0.21984404016769493,0.21989242731880554,0.22129065243586438
391.0,0.2207024724086619,0.22260952953071125,0.2209313958131034,0.2264015335445326,0.2182273005671951,0.2221589699534347,0.21539055098140353,0.2207258013274727,0.2194151088600111,0.22485228738184437
391.5,0.22703991098814302,0.21880459605462693,0.2185020933031153,0.22521683905881834,0.2241705952333744,0.22088658633704167,0.21801464846826293,0.22125736450640365,0.2246082629531388,0.2142208237883944
392.0,0.21878974570102158,0.2220845434721074,0.22048567523631538,0.2226289782458239,0.2251057480041713,0.2272664270949465,0.22115058330976872,0.22215677547149248,0.217731075224215,0.214839210389413
392.5,0.21792342448722582,0.22247264301006742,0.2250218600795137,0.2210250914431039,0.21696143641328575,0.2272190591756446,0.22159742075857755,0.21931818480081022,0.2195896272188611,0.22101236548396958
393.0,0.2209242757903563,0.22625768669749477,0.22464020070460416,0.22542136778991195,0.2202114674194228,0.22160258329264554,0.21937156919374362,0.22084895155261622,0.22180732670352488,0.22629190056263115
393.5,0.22336324195093354,0.2249240946986399,0.22278320370249094,0.22057936140088663,0.2190104122347298,0.22304748686529996,0.22466693618805658,0.21964624720290013,0.22721296127253604,0.21880305590518323
394.0,0.2247300183479681,0.2239249191237646,0.22289952676455596,0.2254290733080687,0.22204992819677935,0.22377815730317485,0.22475442082682157,0.22693344664905862,0.22513930290812273,0.21497710298091877
394.5,0.22377629182643105,0.2269532988976009,0.22332472555286856,0.2260164104774999,0.22424968609062895,0.22314502157152116,0.22391719260406448,0.21818305917447905,0.2215958627244693,0.22621353821865767
395.0,0.2260561661895429,0.22917062264705199,0.22223276944650452,0.22818062972249667,0.22065106434090445,0.2255850749520844,0.22273262549952494,0.2284607710299508,0.2240690768838453,0.22573097167110817
395.5,0.2217453817274287,0.22717343091905562,0.23034612706840835,0.23377898011673326,0.2227344205606241,0.22322515379333727,0.22864612137924972,0.22965904819178856,0.22365703056771116,0.22222937477960175
396.0,0.23033129381221976,0.22603105785953012,0.22503303859236595,0.2271772479015363,0.2229881278837555,0.2226081539951874,0.23096622133926487,0.2250934582390521,0.22387063302329938,0.22304338119783718
396.5,0.22625354646482226,0.2225644913029495,0.23015147556247648,0.2249731091228775,0.22712180198819681,0.22836813367170078,0.22504931554846036,0.2186905887365181,0.2294366686756703,0.22359076884109597
397.0,0.23035188749476437,0.22380465901077387,0.23156394815576734,0.226923277063424,0.22720803301110873,0.2288885887526654,0.22516349924853551,0.2259160683140981,0.22288477061220946,0.2273316059524218
397.5,0.22852817603913309,0.22658432588693597,0.23049493269444385,0.22219277228533263,0.2253347873399882,0.22508705272102,0.22897362299623597,0.22730744751613352,0.2323263425672031,0.22562105417145095
398.0,0.22937025965746133,0.22617146339352212,0.22670513906184583,0.2259158606067328,0.22853046261641818,0.23068606629228777,0.22692591186075903,0.22496820534021325,0.23048468907055386,0.22948219175692655
398.5,0.2302093018406966,0.22793908609104363,0.2297111902710098,0.22727215268566067,0.22685995974623818,0.22660526681250398,0.2280818083980103,0.22695434481857527,0.23177258501181108,0.21993612001128682
399.0,0.2303431256800519,0.2291699497746913,0.22892741318082724,0.2274277348061962,0.22818503466902182,0.22975949571411391,0.23121895945517398,0.23359058559659004,0.2276111814639242,0.22642944440461657
399.5,0.2314281682796026,0.23108907826307018,0.22678889441780958,0.22995706461610116,0.2345203562708956,0.23196103203783736,0.2237719317374781,0.2314947814869052,0.22905017784276266,0.22612183811726683
400.0,0.23398745759039727,0.2297885036658227,0.2309730778451648,0.22753274020285338,0.23402138315537102,0.22989916230588883,0.23395490697455798,0.2272263076568657,0.22570054455642585,0.2292309779648825
